Neighborhood	Zip Code
West Midtown	10001
Lower East Side	10002
Greenwich Village	10003
Financial District	10004
Financial District	10005
Financial District	10006
Financial District	10007
East Greenwich Village	10009
Gramercy	10010
Chelsea Greenwich Village	10011
Village NoHo	10012
Tribeca, Soho	10013
West Greenwich Village	10014
Murray Hill	10016
East Midtown	10017
West Midtown	10018
West Midtown	10019
Midtown Center	10020
Upper East Side	10021
East Midtown	10022
Upper West Side	10023
Upper West Side	10024
Upper West Side	10025
Harlem	10026
Morningside Heights	10027
Upper East Side	10028
East Harlem	10029
Harlem	10030
Harlem	10031
Washington Heights	10032
Washington Heights	10033
Inwood	10034
East Harlem	10035
West Midtown	10036
Harlem	10037
Financial District, Seaport	10038
Harlem	10039
Washington Heights	10040
Downtown	10041
Roosevelt Island	10044
Financial District	10045
Battery Park City	10048
Midtown	10055
Midtown Upper East Side	10060
Midtown Upper East Side	10065
Upper West Side	10069
Midtown Upper East Side	10075
Financial District	10090
Greenwich Village	10095
Flatiron District	10098
Flatiron District	10099
Midtown	10103
Midtown	10104
Midtown	10105
Midtown	10106
Midtown	10107
Midtown	10110
Midtown	10110
Midtown	10111
Midtown	10112
Morningside Heights	10115
Korea Town	10118
Korea Town	10119
Korea Town	10120
Korea Town	10121
Korea Town	10122
Korea Town	10123
Upper East Side	10128
Midtown	10151
Midtown	10152
Midtown	10153
Midtown	10154
Midtown	10155
Sutton Place	10158
Korea Town	10161
Yorkville	10162
Midtown	10165
Midtown	10166
Midtown	10167
Midtown	10168
Midtown	10169
Midtown	10170
Midtown	10171
Midtown	10172
Midtown	10173
Midtown	10174
Midtown	10175
Midtown	10176
Midtown	10177
Korea Town	10178
Theater District	10199
Financial District	10270
Financial District	10271
Tribeca	10278
Tribeca	10279
Lower Manhattan	10280
Lower Manhattan	10281
Tribeca	10282